{"name":"DB","weight":0,"height":0,"datetime":null,"data":[[300.467137456524,31.6533041828766],[300.407578011023,31.5917590560112],[300.378439062067,31.5500551529436],[300.469101349959,31.6576329432384],[300.350296947912,31.5301115796247],[300.588554021057,31.6214858242524],[300.593514473518,31.4238261036345],[300.558840410438,31.4761779279595],[300.651119490238,31.4552336254643],[300.623014607531,31.4646764188931],[300.421444664634,31.465483606821],[300.848429957272,31.6215466404441],[300.740224348629,31.5102789787005],[300.584158354927,31.3411681791899],[300.647354284573,31.6776751126305],[300.698933172621,31.6959018859281],null],"numplate":16.0}